Book Id,Title,Author,Author l-f,Additional Authors,ISBN,ISBN13,My Rating,Average Rating,Publisher,Binding,Number of Pages,Year Published,Original Publication Year,Date Read,Date Added,Exclusive Shelf,Read Count,Genre,Author Gender,Author Nationality,Author Age When Written
176443312,Fruit of the Dead,Rachel  Lyon,"Lyon, Rachel",,1668020858,9781668020852,0,3.49,Scribner,Hardcover,320,2024,2024,4/22/2025,4/18/2025,read,1,,,,
40830203,The Lost Flowers of Alice Hart,Holly Ringland,"Ringland, Holly",,1487005245,9781487005245,4,4.09,House of Anansi Press,Kindle Edition,393,2018,2018,4/17/2025,4/5/2025,read,1,,,,
58672976,Notes on Your Sudden Disappearance,Alison Espach,"Espach, Alison",,1250823145,9781250823144,3,3.81,Henry Holt and Co.,Hardcover,352,2022,2022,4/13/2025,4/7/2025,read,1,,,,
43834909,Long Bright River,Liz    Moore,"Moore, Liz",,0525540679,9780525540670,0,4.05,Riverhead Books,Hardcover,482,2020,2020,4/6/2025,3/19/2025,read,1,,,,
41104077,Invisible Women: Data Bias in a World Designed for Men,Caroline Criado Pérez,"Pérez, Caroline Criado",,1419729071,9781419729072,3,4.34,Abrams Press,Hardcover,448,2019,2019,3/29/2025,4/14/2024,read,1,,,,
18527222,Grandma Gatewood's Walk: The Inspiring Story of the Woman Who Saved the Appalachian Trail,Ben Montgomery,"Montgomery, Ben",,1613747187,9781613747186,4,4.1,Chicago Review Press,Hardcover,288,2014,2014,3/26/2025,11/13/2024,read,1,,,,
42203363,The Lager Queen of Minnesota,J. Ryan Stradal,"Stradal, J. Ryan",,0399563059,9780399563058,4,4.01,Pamela Dorman Books,Hardcover,349,2019,2019,2/25/2025,2/19/2025,read,1,,,,
58735031,"Shady Hollow (Shady Hollow, #1)",Juneau Black,"Black, Juneau",,0593315715,9780593315712,3,3.77,Vintage,Paperback,222,2022,2015,3/23/2025,9/24/2024,read,1,,,,
61718053,Happy Place,Emily Henry,"Henry, Emily",,0593441273,9780593441275,4,3.96,Berkley,Hardcover,400,2023,2023,3/23/2025,3/21/2025,read,1,,,,
59314703,Thank You for Listening,Julia  Whelan,"Whelan, Julia",,0063095564,9780063095564,4,4,Avon,Paperback,432,2022,2022,3/20/2025,3/20/2024,read,1,,,,
55825273,The Comfort Book,Matt Haig,"Haig, Matt",,0143136666,9780143136668,4,4.06,Penguin Life,Hardcover,272,2021,2021,3/15/2025,11/4/2024,read,1,,,,
198902277,The Wedding People,Alison Espach,"Espach, Alison",,,,4,4.13,Henry Holt and Co.,Hardcover,384,2024,2024,3/14/2025,5/28/2024,read,1,,,,
25489012,The Road to Little Dribbling: Adventures of an American in Britain,Bill Bryson,"Bryson, Bill",,0385539282,9780385539289,2,3.72,Doubleday,Hardcover,380,2016,2015,3/8/2025,3/4/2025,read,1,,,,
91582,Lady Susan,Jane Austen,"Austen, Jane",R.W. Chapman,0486444074,9780486444079,3,3.66,Dover Publications,Paperback,180,2005,1871,3/2/2025,5/26/2019,read,1,,,,
52578297,The Midnight Library,Matt Haig,"Haig, Matt",,0525559477,9780525559474,5,3.98,Viking,Hardcover,288,2020,2020,3/1/2025,4/2/2023,read,1,,,,
208840291,The Serviceberry: Abundance and Reciprocity in the Natural World,Robin Wall Kimmerer,"Kimmerer, Robin Wall",John Burgoyne,1668072246,9781668072240,4,4.38,Scribner,Hardcover,112,2024,2024,2/19/2025,1/25/2025,read,1,,,,
123087784,The Comfort of Crows: A Backyard Year,Margaret Renkl,"Renkl, Margaret",Billy Renkl,1954118465,9781954118461,4,4.17,Spiegel & Grau,Hardcover,270,2023,2023,2/18/2025,2/16/2025,read,1,,,,
53138081,The Four Winds,Kristin Hannah,"Hannah, Kristin",,1250178606,9781250178602,5,4.3,St. Martin's Press,Hardcover,464,2021,2021,2/16/2025,3/12/2022,read,1,,,,
60784411,The Spite House,Johnny Compton,"Compton, Johnny",,1250841410,9781250841414,2,3.52,Tor Nightfire,Hardcover,261,2023,2023,2/10/2025,2/5/2025,read,1,,,,
216223604,The Crash,Freida McFadden,"McFadden, Freida",,1464232989,9781464232985,4,3.73,Poisoned Pen Press,Hardcover,384,2025,2025,2/5/2025,1/31/2025,read,1,,,,
14942,Mrs. Dalloway,Virginia Woolf,"Woolf, Virginia",Maureen Howard,0151009988,9780151009985,3,3.79,Houghton Mifflin Harcourt,Hardcover,194,2002,1925,12/11/2024,10/29/2024,read,1,,,,
60784308,The Crane Husband,Kelly Barnhill,"Barnhill, Kelly",,1250850975,9781250850973,3,3.87,Tordotcom,Hardcover,118,2023,2023,2/2/2025,4/25/2024,read,1,,,,
194020321,Home Is Where the Bodies Are,Jeneva Rose,"Rose, Jeneva",,,9798212182843,3,3.81,"Blackstone Publishing, Inc.",Hardcover,256,2024,2024,1/31/2025,4/25/2024,read,1,,,,
27071490,Homegoing,Yaa Gyasi,"Gyasi, Yaa",,,,4,4.47,Alfred A. Knopf,Hardcover,305,2016,2016,1/27/2025,1/19/2025,read,1,,,,
173754979,James,Percival Everett,"Everett, Percival",,,,4,4.49,Knopf Doubleday,Hardcover,303,2024,2024,1/7/2025,6/20/2024,read,1,,,,
25813942,This Tender Land,William Kent Krueger,"Krueger, William Kent",,1476749299,9781476749297,4,4.39,Atria Books,Hardcover,450,2019,2019,1/22/2025,11/24/2022,read,1,,,,
214437988,The Shawshank Redemption,Stephen        King,"King, Stephen",,1668084988,9781668084984,3,4.49,Scribner,Paperback,128,2024,1982,1/2/2025,1/12/2025,read,1,,,,
59030015,The Change,Kirsten Miller,"Miller, Kirsten",,0063144042,9780063144040,4,4.09,William Morrow,Hardcover,470,2022,2022,1/19/2025,5/27/2024,read,1,,,,
123036004,The Berry Pickers,Amanda    Peters,"Peters, Amanda",,1646221958,9781646221950,5,4.11,Catapult,Hardcover,307,2023,2023,1/14/2025,6/20/2024,read,1,,,,
216476388,The Widow's Husband's Secret Lie,Freida McFadden,"McFadden, Freida",,,,4,3.35,Hollywood Upstairs Press,Kindle Edition,152,2024,2024,1/11/2025,1/8/2025,read,1,,,,
37442,"Wicked: The Life and Times of the Wicked Witch of the West (The Wicked Years, #1)",Gregory Maguire,"Maguire, Gregory",Douglas Smith,0060987103,9780060987107,2,3.52,ReganBooks,Paperback,406,2000,1995,1/11/2025,1/2/2025,read,1,,,,
58690308,Book Lovers,Emily Henry,"Henry, Emily",,0593334833,9780593334836,4,4.11,Berkley,Paperback,377,2022,2022,12/30/2024,6/19/2023,read,1,,,,
61918816,"Yours Truly (Part of Your World, #2)",Abby Jimenez,"Jimenez, Abby",,1538704390,9781538704394,4,4.31,Forever,Paperback,416,2023,2023,12/26/2024,10/27/2024,read,1,,,,
54377375,"Life’s Too Short (The Friend Zone, #3)",Abby Jimenez,"Jimenez, Abby",,1538715686,9781538715680,5,4.16,Forever,ebook,384,2021,2021,12/20/2024,12/17/2024,read,1,,,,
50208350,"The Happy Ever After Playlist (The Friend Zone, #2)",Abby Jimenez,"Jimenez, Abby",,,9781538715635,4,4.18,Forever,ebook,401,2020,2020,12/17/2024,10/27/2024,read,1,,,,
203019740,All the Colors of the Dark,Chris  Whitaker,"Whitaker, Chris",,0593798872,9780593798874,5,4.29,Crown,Hardcover,608,2024,2024,11/5/2024,10/28/2024,read,1,,,,
198281740,The Life Impossible,Matt Haig,"Haig, Matt",,0593489276,9780593489277,4,3.49,Viking,Hardcover,324,2024,2024,12/4/2024,11/4/2024,read,1,,,,
204294871,A Dark and Secret Magic,Wallis Kinney,"Kinney, Wallis",,1639109897,9781639109890,4,3.91,Alcove Press,Hardcover,304,2024,2024,11/29/2024,11/26/2024,read,1,,,,
45032,Mansfield Park,Jane Austen,"Austen, Jane","Kathryn Sutherland, Charles Edmund Brock",,,0,3.86,Penguin Books,Paperback,488,2003,1814,,5/26/2019,read,1,,,,
208503280,The Boyfriend,Freida McFadden,"McFadden, Freida",,1728296226,9781728296227,4,4.03,Poisoned Pen Press,Paperback,368,2024,2024,11/26/2024,11/24/2024,read,1,,,,
17245,Dracula,Bram Stoker,"Stoker, Bram","Rubén Toledo, Nina Auerbach, David J. Skal",0393970124,9780393970128,2,4.02,Norton,Paperback,488,1986,1897,11/23/2024,11/9/2024,read,1,,,,
41945163,"The Friend Zone (The Friend Zone, #1)",Abby Jimenez,"Jimenez, Abby",,,9781538715628,4,3.9,Forever (Grand Central Publishing),Kindle Edition,372,2019,2019,8/2/2024,7/26/2024,read,1,,,,
200190296,The Twilight Garden,Sara Nisha Adams,"Adams, Sara Nisha",,0063025329,9780063025325,3,3.79,William Morrow,Hardcover,400,2024,2023,11/13/2024,10/27/2024,read,1,,,,
89724,We Have Always Lived in the Castle,Shirley Jackson,"Jackson, Shirley",Jonathan Lethem,0143039970,9780143039976,4,3.92,Penguin Books,Paperback,152,2006,1962,11/7/2024,10/19/2024,read,1,,,,
58684524,"Part of Your World (Part of Your World, #1)",Abby Jimenez,"Jimenez, Abby",,1538704374,9781538704370,4,4.27,Forever,Paperback,389,2022,2022,10/27/2024,10/25/2024,read,1,,,,
22353999,The Metamorphosis and Other Stories,Franz Kafka,"Kafka, Franz",Guy de Maupassant,,,4,3.89,,Kindle Edition,112,2009,1915,5/11/2020,5/11/2020,read,1,,,,
195474144,Table for Two,Amor Towles,"Towles, Amor",,0593296370,9780593296370,0,4.21,Viking,Hardcover,451,2024,2024,10/25/2024,10/17/2024,read,1,,,,
55122588,"Fearless World Traveler: Adventures of Marianne North, Botanical Artist",Laurie Lawlor,"Lawlor, Laurie",Becca Stadtlander,0823439593,9780823439591,0,4.08,Holiday House,Hardcover,48,2021,2021,5/1/2024,2/1/2024,read,1,,,,
200987258,Lula Dean's Little Library of Banned Books,Kirsten Miller,"Miller, Kirsten",,0063348691,9780063348691,2,4.09,William Morrow,Hardcover,298,2024,2024,9/14/2024,9/10/2024,read,1,,,,
33124137,Pet Sematary,Stephen        King,"King, Stephen",,,,4,4.08,Scribner,Kindle Edition,580,2014,1983,10/17/2024,8/19/2023,read,1,,,,
199698485,The God of the Woods,Liz    Moore,"Moore, Liz",,,,4,4.15,Riverhead Books,Kindle Edition,490,2024,2024,10/16/2024,9/18/2024,read,1,,,,
139391940,"The Pumpkin Spice Café (Dream Harbor, #1)",Laurie Gilmore,"Gilmore, Laurie",,0008610665,9780008610661,2,3.36,One More Chapter,Kindle Edition,373,2023,2023,9/29/2024,9/29/2024,read,1,,,,
64623481,The September House,Carissa Orlando,"Orlando, Carissa",,0593548612,9780593548615,5,3.89,Berkley,Hardcover,352,2023,2023,8/23/2024,6/20/2024,read,1,,,,
56179372,Slewfoot: A Tale of Bewitchery,Brom,"Brom, Brom",,125062200X,9781250622006,4,4.24,Tor Nightfire,Hardcover,305,2021,2021,10/8/2024,10/1/2024,read,1,,,,
112975658,The Frozen River,Ariel Lawhon,"Lawhon, Ariel",,0385546874,9780385546874,4,4.41,Doubleday,Hardcover,432,2023,2023,9/29/2024,9/22/2024,read,1,,,,
6514,The Bell Jar,Sylvia Plath,"Plath, Sylvia",,0571268862,9780571268863,4,4.06,Harper Perennial Modern Classics,Paperback,294,2006,1963,9/23/2024,5/27/2024,read,1,,,,
62848145,"The Housemaid's Secret (The Housemaid, #2)",Freida McFadden,"McFadden, Freida",,1837901317,9781837901319,2,4.21,Bookouture,Kindle Edition,318,2023,2023,9/21/2024,3/21/2023,read,1,,,,
199743738,The Midnight Feast,Lucy Foley,"Foley, Lucy",,0063003104,9780063003101,3,3.58,William Morrow,Hardcover,354,2024,2024,9/21/2024,5/28/2024,read,1,,,,
43208407,I Who Have Never Known Men,Jacqueline Harpman,"Harpman, Jacqueline","Sophie Mackintosh, Ros Schwartz",152911179X,9781529111798,5,4.17,Vintage,Paperback,188,2019,1995,9/15/2024,7/29/2024,read,1,,,,
127306440,"What Feasts at Night (Sworn Soldier, #2)",T. Kingfisher,"Kingfisher, T.",,1250830850,9781250830852,3,3.81,Tor Nightfire,Hardcover,151,2024,2024,9/11/2024,8/1/2023,read,1,,,,
197511201,"The Guncle Abroad (The Guncle, #2)",Steven  Rowley,"Rowley, Steven",,0593540468,9780593540466,4,3.91,G.P. Putnam's Sons,Kindle Edition,320,2024,2024,9/8/2024,3/7/2024,read,1,,,,
195790847,A Sorceress Comes to Call,T. Kingfisher,"Kingfisher, T.",,1250244072,9781250244079,4,4.09,Tor Books,Hardcover,327,2024,2024,8/25/2024,5/28/2024,read,1,,,,
148516779,The Last List of Mabel Beaumont,Laura   Pearson,"Pearson, Laura",,1785136054,9781785136054,5,4.03,Boldwood Books,Kindle Edition,314,2023,2023,8/15/2024,4/14/2024,read,1,,,,
164444179,First Lie Wins,Ashley Elston,"Elston, Ashley",,,,4,4.01,Pamela Dorman Books,Hardcover,340,2024,2024,8/19/2024,7/20/2024,read,1,,,,
199797698,The Astrology House,Carinn Jade,"Jade, Carinn",,1668045966,9781668045961,2,3.5,Atria Books,Hardcover,307,2024,2024,8/10/2024,8/6/2024,read,1,,,,
36596442,Hello Girls,Brittany Cavallaro,"Cavallaro, Brittany",Emily Henry,,,4,3.41,Katherine Tegen Books,Hardcover,325,2019,2019,8/5/2024,8/4/2024,read,1,,,,
61827543,"Vera Wong's Unsolicited Advice for Murderers (Vera Wong, #1)",Jesse Q. Sutanto,"Sutanto, Jesse Q.",,0593549228,9780593549223,4,4.03,Berkley,Paperback,339,2023,2023,8/4/2024,7/19/2024,read,1,,,,
199798953,One Perfect Couple,Ruth Ware,"Ware, Ruth",,1668025590,9781668025598,3,3.64,Scout Press,Hardcover,385,2024,2024,7/29/2024,6/15/2024,read,1,,,,
55338982,Cultish: The Language of Fanaticism,Amanda Montell,"Montell, Amanda",,0062993151,9780062993151,3,3.83,Harper,Hardcover,309,2021,2021,7/26/2024,4/25/2024,read,1,,,,
195820807,"Just for the Summer (Part of Your World, #3)",Abby Jimenez,"Jimenez, Abby",,1538704439,9781538704431,5,4.37,Forever,Paperback,432,2024,2024,7/18/2024,7/13/2024,read,1,,,,
156480764,The Book of Doors,Gareth  Brown,"Brown, Gareth",,1787637247,9781787637245,4,4.04,Transworld Publ. Ltd UK,Kindle Edition,408,2024,2024,6/26/2024,6/19/2024,read,1,,,,
192724951,Indian Burial Ground,Nick Medina,"Medina, Nick",,0593546881,9780593546888,3,3.6,Berkley,Hardcover,370,2024,2024,5/30/2024,4/25/2024,read,1,,,,
140111148,She's Not Sorry,Mary Kubica,"Kubica, Mary",,0778308065,9780778308065,3,3.79,Park Row,Hardcover,330,2024,2024,7/12/2024,4/26/2024,read,1,,,,
60018635,The Very Secret Society of Irregular Witches,Sangu Mandanna,"Mandanna, Sangu",,059343935X,9780593439357,4,4.06,Berkley,Paperback,318,2022,2022,10/18/2022,10/17/2022,read,1,,,,
57795665,The Locked Door,Freida McFadden,"McFadden, Freida",,,,3,4,Hollywood Upstairs Press,Kindle Edition,313,2021,2021,7/5/2024,6/26/2024,read,1,,,,
128007059,The New Couple in 5B,Lisa Unger,"Unger, Lisa",,0778333345,9780778333340,3,3.62,Park Row,Hardcover,384,2024,2024,7/5/2024,6/26/2024,read,1,,,,
51152447,Caste: The Origins of Our Discontents,Isabel Wilkerson,"Wilkerson, Isabel",,0593230256,9780593230251,5,4.53,Random House,Hardcover,544,2020,2020,6/24/2024,6/4/2024,read,1,,,,
204345735,"Beaches, Bungalows & Burglaries (Camper & Criminals, #1)",Tonya Kappes,"Kappes, Tonya",,,,2,3.56,Tonya Kappes Books,Kindle Edition,,2023,2018,6/19/2024,6/18/2024,read,1,,,,
52867387,Beach Read,Emily Henry,"Henry, Emily",,1984806734,9781984806734,4,3.99,Berkley,Paperback,371,2020,2020,6/17/2024,6/15/2024,read,1,,,,
63922274,Go as a River,Shelley Read,"Read, Shelley",,1954118236,9781954118232,4,4.26,Spiegel & Grau,Hardcover,320,2023,2023,6/15/2024,5/23/2024,read,1,,,,
194802722,Funny Story,Emily Henry,"Henry, Emily",,,,4,4.21,Berkley,Kindle Edition,400,2024,2024,6/14/2024,4/25/2024,read,1,,,,
54985743,People We Meet on Vacation,Emily Henry,"Henry, Emily",,1984806750,9781984806758,5,3.85,Berkley,Paperback,400,2021,2021,6/4/2024,6/1/2024,read,1,,,,
60654349,Weyward,Emilia Hart,"Hart, Emilia",,125028080X,9781250280800,4,4.06,St. Martin's Press,Hardcover,329,2023,2023,6/1/2024,2/1/2024,read,1,,,,
62047984,Yellowface,R.F. Kuang,"Kuang, R.F.",,000853277X,9780008532772,5,3.74,William Morrow,Hardcover,319,2023,2023,4/29/2024,4/17/2024,read,1,,,,
60165403,Wild New World: The Epic Story of Animals and People in America,Dan Flores,"Flores, Dan",,1324006161,9781324006169,3,3.99,W. W. Norton & Company,Hardcover,448,2022,2022,5/24/2024,5/13/2024,read,1,,,,
176443819,The Haunting of Velkwood,Gwendolyn Kiste,"Kiste, Gwendolyn",,1982172371,9781982172374,4,3.6,S&S/Saga Press,Hardcover,246,2024,2024,5/16/2024,3/22/2024,read,1,,,,
63241104,Tom Lake,Ann Patchett,"Patchett, Ann",,006332752X,9780063327528,4,3.95,Harper,Hardcover,309,2023,2023,5/11/2024,12/7/2023,read,1,,,,
13537029,The Song of Achilles,Madeline Miller,"Miller, Madeline",,,,4,4.31,HarperCollins,Kindle Edition,351,2012,2011,5/6/2024,12/5/2021,read,1,,,,
65678550,The Heaven & Earth Grocery Store,James   McBride,"McBride, James",,0593422945,9780593422946,4,3.94,Riverhead Books,Hardcover,385,2023,2023,3/25/2024,10/9/2023,read,1,,,,
45416596,The Seven Husbands of Evelyn Hugo,Taylor Jenkins Reid,"Reid, Taylor Jenkins",,,,4,4.4,Washington Square Press,Kindle Edition,434,2017,2017,4/9/2024,5/18/2022,read,1,,,,
50659466,"A Court of Thorns and Roses (A Court of Thorns and Roses, #1)",Sarah J. Maas,"Maas, Sarah J.",,1635575559,9781635575552,3,4.17,Bloomsbury Publishing,Hardcover,419,2020,2015,4/23/2024,5/7/2022,read,1,,,,
25041402,The Sisters,Claire Douglas,"Douglas, Claire",,0007594410,9780007594412,2,3.69,HarperCollins,Paperback,363,2015,2015,4/25/2024,4/2/2024,read,1,,,,
58687126,Finding Me,Viola Davis,"Davis, Viola",,0063037327,9780063037328,5,4.54,HarperOne,Hardcover,304,2022,2022,4/1/2024,4/21/2022,read,1,,,,
46000520,"The Thursday Murder Club (Thursday Murder Club, #1)",Richard Osman,"Osman, Richard",,,,0,3.87,Penguin Books,Kindle Edition,382,2020,2020,3/21/2024,3/17/2024,read,1,,,,
167770288,Counting the Cost,Jill Duggar,"Duggar, Jill","Derick Dillard, Craig Borlase",,,4,4.01,Gallery Books,Kindle Edition,287,2023,2023,3/15/2024,3/12/2024,read,1,,,,
42616411,Educated: A Memoir,Tara Westover,"Westover, Tara",,1984854852,9781984854858,5,4.47,Random House US,Paperback,329,2018,2018,3/12/2024,6/23/2023,read,1,,,,
54508798,"The Guncle (The Guncle, #1)",Steven  Rowley,"Rowley, Steven",,0525542280,9780525542285,5,4.12,G.P. Putnam's Sons,Hardcover,326,2021,2021,3/7/2024,3/2/2024,read,1,,,,
50892288,The Hollow Places,T. Kingfisher,"Kingfisher, T.",,1534451129,9781534451124,4,3.79,Gallery Books,Paperback,341,2020,2020,2/29/2024,2/4/2023,read,1,,,,
50721364,"Hygge: The Danish Way To Simpler, Happier Life. Discover Secrets To Managing A Fast Lifestyle And Introduce Unending Happiness To Your Home With Art Of Hygge.",Alexander Parker,"Parker, Alexander",,,,0,2.88,,Kindle Edition,183,2020,,2/25/2024,2/23/2024,read,1,,,,
29358559,Upstream: Selected Essays,Mary Oliver,"Oliver, Mary",,1594206708,9781594206702,0,4.16,Penguin Press,Hardcover,178,2016,2016,2/22/2024,2/21/2024,read,1,,,,
65916344,Holly,Stephen        King,"King, Stephen",,1668016133,9781668016138,4,4.08,Scribner,Hardcover,449,2023,2023,2/20/2024,11/22/2023,read,1,,,,
195967140,The Teacher,Freida McFadden,"McFadden, Freida",,1728296218,9781728296210,0,3.91,Poisoned Pen Press,Paperback,379,2024,2024,2/11/2024,2/9/2024,read,1,,,,
65650229,Wellness,Nathan  Hill,"Hill, Nathan",,0593536118,9780593536117,0,3.98,Knopf,Hardcover,611,2023,2023,2/9/2024,1/17/2024,read,1,,,,
46015758,If It Bleeds,Stephen        King,"King, Stephen",,,,4,3.98,Scribner ,Kindle Edition,438,2020,2020,2/8/2024,1/19/2024,read,1,,,,
17465709,"Braiding Sweetgrass: Indigenous Wisdom, Scientific Knowledge, and the Teachings of Plants",Robin Wall Kimmerer,"Kimmerer, Robin Wall",,1571313354,9781571313355,5,4.52,Milkweed Editions,Hardcover,408,2013,2013,2/3/2024,3/13/2023,read,1,,,,
36124936,The Outsider,Stephen        King,"King, Stephen",,1501180983,9781501180989,4,4.01,Scribner,Hardcover,561,2018,2018,1/19/2024,8/19/2023,read,1,,,,
59364173,I'm Glad My Mom Died,Jennette McCurdy,"McCurdy, Jennette",,,,4,4.45,Simon & Schuster,ebook,320,2022,2022,1/12/2024,6/19/2023,read,1,,,,
25526965,"End of Watch (Bill Hodges Trilogy, #3)",Stephen        King,"King, Stephen",,1501129740,9781501129742,4,4.11,Scribner,Hardcover,432,2016,2016,1/10/2024,11/25/2023,read,1,,,,
52915498,A Sand County Almanac: And Sketches Here and There,Aldo Leopold,"Leopold, Aldo","Barbara Kingsolver, Cassandra Campbell",,,4,4.31,"HighBridge, a division of Recorded Books",Audible Audio,4,2020,1949,1/7/2024,12/24/2023,read,1,,,,
56179377,Nettle & Bone,T. Kingfisher,"Kingfisher, T.",,1250244048,9781250244048,3,4.1,Tor Books,Hardcover,243,2022,2022,1/6/2024,10/1/2023,read,1,,,,
543410,Herbs for Natural Beauty,Rosemary Gladstar,"Gladstar, Rosemary",,1580171524,9781580171526,4,4.41,"Storey Publishing, LLC",Paperback,80,1999,1999,12/31/2023,10/17/2023,read,1,,,,
158403323,The Conspiracy to End America: Five Ways My Old Party Is Driving Our Democracy to Autocracy,Stuart Stevens,"Stevens, Stuart",,1538765403,9781538765401,5,4.41,Twelve,Hardcover,240,2023,,12/31/2023,12/22/2023,read,1,,,,
40725379,"Animal, Vegetable, Miracle: A Year of Food Life",Barbara Kingsolver,"Kingsolver, Barbara","Steven L. Hopp, Camille Kingsolver, Lily Hopp Kingsolver",0062653075,9780062653079,5,4.05,Harper,Kindle Edition,383,2017,2007,10/24/2008,12/24/2023,read,1,,,,
1477274,The Magic Shop,H.G. Wells,"Wells, H.G.",François Roca,1933327022,9781933327020,3,3.52,Purple Bear Books,Hardcover,32,2005,1903,12/22/2023,12/22/2023,read,1,,,,
6219656,The Lottery,Shirley Jackson,"Jackson, Shirley",,1563127873,9781563127878,5,4.04,Perfection Learning,Paperback,30,1990,1948,12/22/2023,6/29/2021,read,1,,,,
12914,The Aeneid,Virgil,"Virgil, Virgil","Robert Fitzgerald, David   West",0679729526,9780679729525,0,3.87,Vintage,Paperback,442,1990,-19,11/14/1999,12/21/2023,read,1,,,,
5659,The Wind in the Willows,Kenneth Grahame,"Grahame, Kenneth",Gillian Avery,0143039091,9780143039099,0,4.02,Penguin Books,Paperback,197,2005,1908,11/21/1993,12/21/2023,read,1,,,,
60671823,Alice's Adventures in Wonderland,Lewis Carroll,"Carroll, Lewis",Chris Riddell,152900246X,9781529002461,0,3.99,Pan Macmillan,Hardcover,320,,1865,12/21/2010,12/21/2023,read,1,,,,
77265004,The Iliad,Homer,"Homer, Homer",Emily Wilson,1324001801,9781324001805,0,3.92,W. W. Norton & Company,Hardcover,848,2023,-800,11/18/1999,12/21/2023,read,1,,,,
18135,Romeo and Juliet,William Shakespeare,"Shakespeare, William",,0743477111,9780743477116,0,3.74,Washington Square Press,Mass Market Paperback,281,2002,1597,11/21/1997,12/21/2023,read,1,,,,
5297,The Picture of Dorian Gray,Oscar Wilde,"Wilde, Oscar",Jeffrey Eugenides,,,0,4.13,Random House: Modern Library,Paperback,272,2004,1890,10/21/1996,12/21/2023,read,1,,,,
6656,The Divine Comedy: Inferno - Purgatorio - Paradiso,Dante Alighieri,"Alighieri, Dante","Allen Mandelbaum, Eugenio Montale, Peter Armour, Sandro Botticelli",0679433139,9780679433132,0,4.08,Everyman's Library,Hardcover,798,1995,1320,11/16/1999,12/21/2023,read,1,,,,
23492589,"Finders Keepers (Bill Hodges Trilogy, #2)",Stephen        King,"King, Stephen",,1501100076,9781501100079,3,4.07,Scribner,Hardcover,434,2015,2015,12/21/2023,11/25/2023,read,1,,,,
4136,Holidays on Ice,David Sedaris,"Sedaris, David",,0316191299,9780316191296,0,3.89,Little Brown & Co (P),Paperback,176,1998,1997,12/17/2023,5/26/2019,read,2,,,,
61771675,Hello Beautiful,Ann Napolitano,"Napolitano, Ann",,,,4,4.14,The Dial Press,Kindle Edition,416,2023,2023,12/15/2023,4/2/2023,read,1,,,,
50825882,Navigate Your Stars,Jesmyn Ward,"Ward, Jesmyn",Gina Triplett,1982131322,9781982131326,5,4.19,Scribner,Hardcover,64,2020,2020,12/12/2023,5/2/2020,read,1,,,,
10210,Jane Eyre,Charlotte Brontë,"Brontë, Charlotte",Michael Mason,0142437204,9780142437209,4,4.15,Penguin,Paperback,532,2003,1847,12/8/2023,5/26/2019,read,2,,,,
18775247,"Mr. Mercedes (Bill Hodges Trilogy, #1)",Stephen        King,"King, Stephen",,1476754454,9781476754451,3,4.03,Scribner,Hardcover,437,2014,2014,11/22/2023,11/13/2023,read,1,,,,
63219182,Amazing Grace Adams,Fran Littlewood,"Littlewood, Fran",,1250857023,9781250857026,3,3.34,Henry Holt and Co.,Kindle Edition,261,2023,2023,11/12/2023,10/10/2023,read,1,,,,
60393672,"It Starts with Us (It Ends with Us, #2)",Colleen Hoover,"Hoover, Colleen",,1668001225,9781668001226,4,3.85,Atria Books,Paperback,323,2022,2022,11/10/2023,6/19/2023,read,1,,,,
620487,"The Dark Worlds of H.P. Lovecraft, Vol 2",H.P. Lovecraft,"Lovecraft, H.P.",Wayne June,1897304013,9781897304013,2,3.85,UNKNO,Audio CD,4,2005,2005,10/29/2023,10/29/2023,read,1,,,,
179780,"The Exorcist (The Exorcist, #1)",William Peter Blatty,"Blatty, William Peter",,,,5,4.21,HarperTorch,Mass Market Paperback,385,1994,1971,10/28/2023,10/23/2023,read,1,,,,
564315,"The Dark Worlds of H.P. Lovecraft, Vol 1",H.P. Lovecraft,"Lovecraft, H.P.",Wayne June,0809562677,9780809562671,4,3.73,Wildside Press,MP3 CD,1,2006,2005,10/24/2023,10/23/2023,read,1,,,,
761381,The Halloween Tree,Ray Bradbury,"Bradbury, Ray",,0375803017,9780375803017,3,3.77,Yearling,Paperback,145,2001,1972,10/6/2023,10/4/2023,read,1,,,,
16307,"Hallowe'en Party (Hercule Poirot, #41)",Agatha Christie,"Christie, Agatha",,0007120680,9780007120680,3,3.57,Harper,Paperback,336,2001,1969,10/16/2023,10/6/2023,read,1,,,,
27362503,"It Ends with Us (It Ends with Us, #1)",Colleen Hoover,"Hoover, Colleen",,1668021048,9781668021040,5,4.11,Atria Books,Kindle Edition,386,2023,2016,10/22/2023,6/19/2023,read,1,,,,
156736040,Ink Blood Sister Scribe,Emma Törzs,"Törzs, Emma",Saskia Maarleveld,,9798212710589,4,4.01,HarperCollins B and Blackstone Publishing,Audio CD,1,2023,2023,10/22/2023,9/20/2023,read,1,,,,
61318413,How to Be Eaten: A Novel,Maria Adelmann,"Adelmann, Maria",,,,4,3.57,"Little, Brown and Company",Kindle Edition,305,2022,2022,10/15/2023,9/20/2023,read,1,,,,
168677951,Signal Fires,Dani Shapiro,"Shapiro, Dani",,0593467965,9780593467961,4,3.91,Vintage,Paperback,288,2023,2022,10/4/2023,9/20/2023,read,1,,,,
58395049,True Biz,Sara Nović,"Nović, Sara",,0593241509,9780593241509,4,4.07,Random House,Hardcover,386,2022,2022,8/26/2023,8/20/2023,read,1,,,,
60784409,A House with Good Bones,T. Kingfisher,"Kingfisher, T.",,1250829798,9781250829795,4,3.67,Tor Nightfire,Hardcover,247,2023,2023,9/29/2023,9/26/2023,read,1,,,,
40097951,The Silent Patient,Alex Michaelides,"Michaelides, Alex",,1250301696,9781250301697,4,4.17,Celadon Books,Hardcover,336,2019,2019,9/24/2023,6/19/2023,read,1,,,,
123423832,The Coworker,Freida McFadden,"McFadden, Freida",,172829620X,9781728296203,4,3.76,Poisoned Pen Press,Paperback,362,2023,2023,9/19/2023,9/2/2023,read,1,,,,
54860614,Ariadne,Jennifer Saint,"Saint, Jennifer",,125077358X,9781250773586,4,3.79,Flatiron Books,Hardcover,308,2021,2021,9/2/2023,4/2/2023,read,1,,,,
10567,Cell,Stephen        King,"King, Stephen",,1416524517,9781416524519,3,3.66,Pocket Star Books,Mass Market Paperback,449,2006,2006,8/20/2023,6/19/2023,read,1,,,,
54063343,Hour of the Witch,Chris Bohjalian,"Bohjalian, Chris",,0385542437,9780385542432,4,3.84,Doubleday,Hardcover,406,2021,2021,8/17/2021,8/6/2021,read,1,,,,
53438195,The Witch's Heart,Genevieve Gornichec,"Gornichec, Genevieve",,059309994X,9780593099940,5,4.04,Ace,Hardcover,359,2021,2021,12/16/2021,9/25/2021,read,1,,,,
35959740,Circe,Madeline Miller,"Miller, Madeline",,0316556343,9780316556347,5,4.23,"Little, Brown and Company",Hardcover,393,2018,2018,7/7/2020,6/29/2020,read,1,,,,
58065033,Lessons in Chemistry,Bonnie Garmus,"Garmus, Bonnie",,,,5,4.28,Doubleday Books,Hardcover,390,2022,2022,2/2/2023,12/27/2022,read,1,,,,
56914101,The Hill We Climb: An Inaugural Poem for the Country,Amanda Gorman,"Gorman, Amanda",Oprah Winfrey,059346527X,9780593465271,5,4.55,Viking Books,Hardcover,29,2021,2021,3/1/2023,3/1/2023,read,1,,,,
58733693,Remarkably Bright Creatures,Shelby Van Pelt,"Pelt, Shelby Van",,0063204150,9780063204157,5,4.37,Ecco,Hardcover,368,2022,2022,4/25/2023,9/28/2022,read,1,,,,
59218704,Verity,Colleen Hoover,"Hoover, Colleen",,,,5,4.3,Grand Central Publishing,Kindle Edition,333,2021,2018,6/29/2023,2/16/2022,read,1,,,,
60092581,Lessons,Ian McEwan,"McEwan, Ian",,0593535200,9780593535202,4,3.98,Knopf,Hardcover,448,2022,2022,4/5/2023,12/10/2022,read,1,,,,
53288434,The Lost Apothecary,Sarah Penner,"Penner, Sarah",,0778311015,9780778311010,5,3.76,Park Row,Hardcover,301,2021,2021,9/13/2021,8/22/2021,read,1,,,,
75651263,The Surgeon,Leslie Wolfe,"Wolfe, Leslie",,1837902704,9781837902705,3,3.86,Bookouture,Kindle Edition,290,2023,2023,8/10/2023,7/20/2023,read,1,,,,
63848724,"Absent Pity (Amber Young, #1)",Blake Pierce,"Pierce, Blake",,,,3,4.07,,Kindle Edition,162,2022,2022,7/31/2023,7/30/2023,read,1,,,,
3228917,Outliers: The Story of Success,Malcolm Gladwell,"Gladwell, Malcolm",,0316017922,9780316017923,4,4.19,"Little, Brown and Company",Hardcover,309,2008,2008,7/28/2023,6/20/2023,read,1,,,,
58784475,"Tomorrow, and Tomorrow, and Tomorrow",Gabrielle Zevin,"Zevin, Gabrielle",,0735243344,9780735243347,4,4.13,Knopf,Hardcover,401,2022,2022,7/23/2023,12/10/2022,read,1,,,,
51091002,This Won't End Well,Camille Pagán,"Pagán, Camille",,1542014816,9781542014816,3,3.85,Lake Union Publishing,Kindle Edition,295,2020,2020,,7/10/2023,read,1,,,,
59947696,Wrong Place Wrong Time,Gillian McAllister,"McAllister, Gillian",,0063252341,9780063252349,4,3.97,William Morrow,Hardcover,416,2022,2022,7/2/2023,5/17/2023,read,1,,,,
60194162,Demon Copperhead,Barbara Kingsolver,"Kingsolver, Barbara",,0063251922,9780063251922,5,4.48,Harper,Hardcover,560,2022,2022,6/21/2023,6/10/2023,read,1,,,,
343,Perfume: The Story of a Murderer,Patrick Süskind,"Süskind, Patrick",John E. Woods,,,4,4.04,Penguin Books,Paperback,263,1987,1985,6/25/2023,6/20/2023,read,1,,,,
40173806,"The Vanishing Season (The Collector, #4)",Dot Hutchison,"Hutchison, Dot",,1542090229,9781542090223,3,4.19,Thomas & Mercer,Kindle Edition,317,2019,2019,12/2/2019,5/26/2019,read,1,,,,
35423609,"The Summer Children (The Collector, #3)",Dot Hutchison,"Hutchison, Dot",,1542099889,9781542099882,3,4.23,Thomas & Mercer,Kindle Edition,300,2018,2018,,5/26/2019,read,1,,,,
30109999,"Roses of May (The Collector, #2)",Dot Hutchison,"Hutchison, Dot",,,,3,3.93,Thomas & Mercer,ebook,302,2017,2017,,5/26/2019,read,1,,,,
29981261,"The Butterfly Garden  (The Collector, #1)",Dot Hutchison,"Hutchison, Dot",,1503989712,9781503989719,4,4.09,Thomas & Mercer,Kindle Edition,288,2016,2016,,5/26/2019,read,1,,,,
41716679,Searching for Sylvie Lee,Jean Kwok,"Kwok, Jean",,0062834304,9780062834300,2,3.65,William Morrow,Hardcover,336,2019,2019,5/28/2023,5/17/2023,read,1,,,,
51002129,"The Daughters Of Yalta: The Churchills, Roosevelts, and Harrimans: A Story of Love and War",Catherine Grace Katz,"Katz, Catherine Grace",,0358117828,9780358117827,3,4.1,Mariner Books,Kindle Edition,417,2020,2020,6/8/2023,5/30/2023,read,1,,,,
126584,Mind Hunter: Inside the FBI's Elite Serial Crime Unit,John E. Douglas,"Douglas, John E.",Mark Olshaker,0671528904,9780671528904,4,4.09,Pocket Books,Mass Market Paperback,397,1996,1995,5/20/2023,1/29/2023,read,1,,,,
32503381,Eleanor Oliphant Is Completely Fine,Gail Honeyman,"Honeyman, Gail",,,,4,4.23,Penguin Books,ebook,336,2017,2017,5/13/2023,3/28/2023,read,1,,,,
58724626,"What Moves the Dead (Sworn Soldier, #1)",T. Kingfisher,"Kingfisher, T.",,1250830753,9781250830753,4,3.86,Tor Nightfire,Hardcover,165,2022,2022,2/5/2023,5/3/2023,read,2,,,,
62606254,Good for You,Camille Pagán,"Pagán, Camille",,1542038022,9781542038027,4,3.89,Lake Union Publishing,Kindle Edition,256,2023,2023,4/29/2023,3/21/2023,read,1,,,,
40180098,The Overstory,Richard Powers,"Powers, Richard",,039335668X,9780393356687,4,4.12,W.W. Norton & Company,Paperback,502,2019,2018,4/22/2023,11/24/2022,read,1,,,,
9791,A Walk in the Woods: Rediscovering America on the Appalachian Trail,Bill Bryson,"Bryson, Bill",,0307279464,9780307279460,4,4.07,Vintage,Mass Market Paperback,397,2006,1998,4/14/2023,3/7/2023,read,1,,,,
53487148,A Thousand Ships,Natalie Haynes,"Haynes, Natalie",,0063065398,9780063065390,4,4.06,Harper,Hardcover,368,2021,2019,4/10/2023,3/31/2023,read,1,,,,
80571,American Prometheus: The Triumph and Tragedy of J. Robert Oppenheimer,Kai Bird,"Bird, Kai",Martin J. Sherwin,,,5,4.32,Vintage Books,Paperback,721,2007,2005,3/7/2023,2/21/2023,read,1,,,,
61109069,The London Séance Society,Sarah Penner,"Penner, Sarah",,0778387119,9780778387114,2,3.48,Park Row,Hardcover,352,2023,2023,3/22/2023,3/18/2023,read,1,,,,
58468990,The Paris Apartment,Lucy Foley,"Foley, Lucy",,0063003058,9780063003057,3,3.65,William Morrow,Hardcover,360,2022,2022,3/27/2023,12/12/2022,read,1,,,,
60556912,"The Housemaid (The Housemaid, #1)",Freida McFadden,"McFadden, Freida",,1803144378,9781803144375,4,4.31,Bookouture,Kindle Edition,329,2022,2022,3/21/2023,3/15/2023,read,1,,,,
49189494,We Are All the Same in the Dark,Julia Heaberlin,"Heaberlin, Julia",,0525621679,9780525621676,2,3.79,Ballantine Books,Hardcover,352,2020,2020,3/18/2023,7/20/2022,read,1,,,,
57936600,Where the Deer and the Antelope Play: The Pastoral Observations of One Ignorant American Who Loves to Walk Outside,Nick Offerman,"Offerman, Nick",,1101984694,9781101984697,4,3.71,Dutton,Hardcover,352,2021,2021,3/14/2023,2/9/2022,read,1,,,,
60497502,My Evil Mother,Margaret Atwood,"Atwood, Margaret",,1662504497,9781662504495,3,3.88,Amazon Original Stories,Kindle Edition,32,2022,2022,3/4/2023,3/2/2023,read,1,,,,
36117615,Woman Last Seen in Her Thirties,Camille Pagán,"Pagán, Camille",,1503933040,9781503933040,4,3.79,Lake Union Publishing,Kindle Edition,238,2018,2018,3/1/2023,4/20/2022,read,1,,,,
57693165,The Christie Affair,Nina de Gramont,"Gramont, Nina de",,1250274613,9781250274618,3,3.71,St. Martin's Press,Hardcover,320,2022,2022,2/21/2023,2/16/2023,read,1,,,,
59345249,The It Girl,Ruth Ware,"Ware, Ruth",,1982155264,9781982155261,4,3.85,Scout Press,Hardcover,423,2022,2022,2/16/2023,12/21/2022,read,1,,,,
60353768,The Marriage Portrait,Maggie O'Farrell,"O'Farrell, Maggie",,,,4,4.01,Knopf Publishing Group,Hardcover,355,2022,2022,2/11/2023,2/5/2023,read,1,,,,
60666845,Just the Nicest Couple,Mary Kubica,"Kubica, Mary",,0778333116,9780778333111,2,3.56,Park Row,Hardcover,320,2023,2023,1/28/2023,1/23/2023,read,1,,,,
60164470,The Overnight Guest,Heather Gudenkauf,"Gudenkauf, Heather",,0778311937,9780778311935,4,4.03,Park Row,Paperback,316,2022,2022,12/26/2022,12/5/2022,read,1,,,,
31340,"Lasher (Lives of the Mayfair Witches, #2)",Anne Rice,"Rice, Anne",,0099471434,9780099471431,4,3.88,Arrow Books,Paperback,896,2004,1993,1/22/2023,1/26/2020,read,1,,,,
53137992,The Lost Village,Camilla Sten,"Sten, Camilla",Alexandra Fleming,1250249252,9781250249258,2,3.53,Minotaur Books,Hardcover,340,2021,2019,1/10/2023,1/3/2023,read,1,,,,
58724923,Hidden Pictures,Jason Rekulak,"Rekulak, Jason",,1250819342,9781250819345,3,4.16,Flatiron Books,Hardcover,372,2022,2022,1/3/2023,10/17/2022,read,1,,,,
54860573,Once There Were Wolves,Charlotte McConaghy,"McConaghy, Charlotte",,1250244145,9781250244147,3,4.09,Flatiron Books,Hardcover,258,2021,2021,12/19/2022,12/21/2022,read,1,,,,
50748999,The Other Mrs.,Mary Kubica,"Kubica, Mary",,0778389359,9780778389354,3,3.75,Park Row,Paperback,416,2020,2020,12/7/2022,11/29/2022,read,1,,,,
5439,Interpreter of Maladies,Jhumpa Lahiri,"Lahiri, Jhumpa",,0618101365,9780618101368,2,4.18,Houghton Mifflin Harcourt,Hardcover,198,2000,1999,7/30/2022,7/21/2022,read,1,,,,
59577287,"The Scandalous Hamiltons: A Gilded Age Grifter, a Founding Father's Disgraced Descendant, and a Trial at the Dawn of Tabloid Journalism",Bill Shaffer,"Shaffer, Bill",,080654225X,9780806542256,2,3.61,Citadel,Hardcover,320,2022,2022,8/27/2022,8/17/2022,read,1,,,,
54737068,Local Woman Missing,Mary Kubica,"Kubica, Mary",,0778389448,9780778389446,4,4.13,Park Row,Hardcover,356,2021,2021,11/29/2022,11/16/2022,read,1,,,,
8667848,"A Discovery of Witches (All Souls, #1)",Deborah Harkness,"Harkness, Deborah",,0670022411,9780670022410,3,4.02,Viking Penguin,Hardcover,592,2011,2011,11/22/2022,10/16/2022,read,1,,,,
58267960,"The Killing Game (Alexa Chase, #1)",Kate Bold,"Bold, Kate",,,,3,3.83,,ebook,205,2021,2021,11/9/2022,11/9/2022,read,1,,,,
60672388,"The Butcher and the Wren (Dr. Wren Muller, #1)",Alaina Urquhart,"Urquhart, Alaina",,1638930147,9781638930143,3,3.75,Zando,Hardcover,242,2022,2022,11/5/2022,11/2/2022,read,1,,,,
49354511,The Dictionary of Lost Words,Pip Williams,"Williams, Pip",,1925972593,9781925972597,4,4.02,Affirm Press,Paperback,384,2021,2020,11/2/2022,10/20/2022,read,1,,,,
53620541,Just Like Mother,Anne Heltzel,"Heltzel, Anne",,1250787513,9781250787514,4,3.7,Nightfire,Hardcover,320,2022,2022,10/21/2022,10/19/2022,read,1,,,,
60177373,Fairy Tale,Stephen        King,"King, Stephen",,1668002175,9781668002179,5,4.1,Scribner,Hardcover,607,2022,2022,10/10/2022,9/30/2022,read,1,,,,
15645,Inferno,Dante Alighieri,"Alighieri, Dante",Anthony Esolen,0812970063,9780812970067,5,4.03,Modern Library,Kindle Edition,490,2022,1320,,5/26/2019,read,1,,,,
14935,Sense and Sensibility,Jane Austen,"Austen, Jane","Ros Ballaster, Джейн Остин",0141439661,9780141439662,5,4.09,Penguin Books,Paperback,409,2003,1811,,5/26/2019,read,1,,,,
6969,Emma,Jane Austen,"Austen, Jane",Fiona Stafford,0141439580,9780141439587,5,4.05,Penguin Books,Paperback,474,2003,1815,,5/26/2019,read,1,,,,
1885,Pride and Prejudice,Jane Austen,"Austen, Jane",Anna Quindlen,1441341706,9781441341709,5,4.29,Modern Library,Paperback,279,2023,1813,,5/26/2019,read,1,,,,
42975172,"The Testaments (The Handmaid's Tale, #2)",Margaret Atwood,"Atwood, Margaret",,,,4,4.2,Nan A. Talese,Hardcover,422,2019,2019,8/15/2022,11/30/2019,read,1,,,,
34189556,The Wife Between Us,Greer Hendricks,"Hendricks, Greer",Sarah Pekkanen,1250130921,9781250130921,3,3.83,St. Martin's Press,Hardcover,432,2018,2018,,7/3/2022,read,1,,,,
25899336,When Breath Becomes Air,Paul Kalanithi,"Kalanithi, Paul",Abraham   Verghese,0812988418,9780812988413,4,4.41,Random House,Kindle Edition,208,2016,2016,5/26/2022,5/24/2022,read,1,,,,
48717776,The Lies You Told,Harriet Tyce,"Tyce, Harriet",,1538762757,9781538762752,4,3.76,Grand Central Publishing,Hardcover,384,2020,2020,5/23/2022,5/20/2022,read,1,,,,
7433,"Messenger of Truth (Maisie Dobbs, #4)",Jacqueline Winspear,"Winspear, Jacqueline",,0805078983,9780805078985,3,4.02,Henry Holt and Co.,Hardcover,322,2006,2006,5/16/2022,1/4/2020,read,1,,,,
233649,"The Great Hunt (The Wheel of Time, #2)",Robert Jordan,"Jordan, Robert",,0812517725,9780812517729,4,4.27,Tor,Mass Market Paperback,705,1991,1990,5/11/2022,11/30/2021,read,1,,,,
40204619,Eternal,Lisa Scottoline,"Scottoline, Lisa",,052553976X,9780525539766,5,4.29,Putnam,Hardcover,480,2021,2021,5/5/2022,4/20/2022,read,1,,,,
45422567,"Lies, Lies, Lies",Adele Parks,"Parks, Adele",,0778360881,9780778360889,3,3.73,MIRA,Paperback,384,2020,2019,4/25/2022,4/19/2022,read,1,,,,
55628983,Survive the Night,Riley Sager,"Sager, Riley",,0593183169,9780593183168,4,3.52,Dutton,Hardcover,336,2021,2021,4/12/2022,4/7/2022,read,1,,,,
50719532,Creativity: A Short and Cheerful Guide,John Cleese,"Cleese, John",,1786332256,9781786332257,3,3.88,Hutchinson,Hardcover,112,2020,2020,4/5/2022,4/5/2022,read,1,,,,
2623,Great Expectations,Charles Dickens,"Dickens, Charles","Kate Flint, Margaret Cardwell",0192833596,9780192833594,4,3.8,Oxford University Press,Paperback,544,1998,1861,5/5/1995,4/5/2022,read,1,,,,
56692325,"Girl, Silenced (Ella Dark FBI Suspense Thriller, #4)",Blake Pierce,"Pierce, Blake",,,,2,4.06,,Kindle Edition,267,2021,2021,4/5/2022,3/7/2022,read,1,,,,
54614578,How to Write One Song: Loving the Things We Create and How They Love Us Back,Jeff Tweedy,"Tweedy, Jeff",,0593183525,9780593183526,4,4.22,Dutton,Hardcover,176,2020,2020,4/2/2022,3/30/2022,read,1,,,,
58231775,Peach Blossom Spring,Melissa Fu,"Fu, Melissa",,0316286737,9780316286732,4,4.18,"Little, Brown and Company",Hardcover,400,2022,2022,3/30/2022,3/17/2022,read,1,,,,
45299992,"If You Tell: A True Story of Murder, Family Secrets, and the Unbreakable Bond of Sisterhood",Gregg Olsen,"Olsen, Gregg",,1542005248,9781542005241,3,3.98,Thomas & Mercer,Kindle Edition,431,2019,2019,3/10/2022,5/11/2020,read,1,,,,
58589618,"Woman Last Seen (DCI Clements, #1)",Adele Parks,"Parks, Adele",,0778312046,9780778312048,3,3.69,MIRA,Paperback,384,2022,2021,2/28/2022,2/9/2022,read,1,,,,
57109107,The Lincoln Highway,Amor Towles,"Towles, Amor",,0735222355,9780735222359,4,4.22,Viking,Hardcover,576,2021,2021,2/9/2022,1/19/2022,read,1,,,,
59545874,Miracle and Wonder: Conversations with Paul Simon,Malcolm Gladwell,"Gladwell, Malcolm","Bruce Headlam, Paul Simon",,,4,4.56,Pushkin Industries,Audiobook,5,2021,,1/31/2022,1/28/2022,read,1,,,,
56852407,Billy Summers,Stephen        King,"King, Stephen",,1982173610,9781982173616,4,4.19,Scribner,Hardcover,517,2021,2021,1/25/2022,1/24/2022,read,1,,,,
53137974,The Good Sister,Sally Hepworth,"Hepworth, Sally",,1250120950,9781250120953,4,4.15,St. Martin's Press,Hardcover,309,2021,2020,1/12/2022,11/17/2021,read,1,,,,
30045683,The Little Book of Hygge: The Danish Way to Live Well,Meik Wiking,"Wiking, Meik",,0241283914,9780241283912,5,3.77,Penguin Life,Hardcover,289,2016,2016,12/28/2021,5/26/2019,read,2,,,,
40216324,The River,Peter Heller,"Heller, Peter",,0525521879,9780525521877,4,3.85,Knopf,Hardcover,253,2019,2019,12/11/2021,11/17/2021,read,1,,,,
3,"Harry Potter and the Sorcerer's Stone (Harry Potter, #1)",J.K. Rowling,"Rowling, J.K.",,0439554934,9780439554930,5,4.47,Scholastic Inc,Hardcover,309,2003,1997,1/5/2005,5/26/2019,read,1,,,,
56706292,"The Corpse Flower (Kaldan og Schäfer, #1)",Anne Mette Hancock,"Hancock, Anne Mette",,1643858289,9781643858289,3,3.82,Crooked Lane Books,Hardcover,336,2021,2017,12/5/2021,11/30/2021,read,1,,,,
55954896,"Girl, Alone (Ella Dark, #1)",Blake Pierce,"Pierce, Blake",,,,3,4.02,Publishing Platform,Kindle Edition,211,2020,2020,9/1/2021,8/29/2021,read,1,,,,
56184039,"Girl, Hunted (Ella Dark FBI Suspense Thriller, #3)",Blake Pierce,"Pierce, Blake",,,,2,4.01,,Kindle Edition,196,2021,2021,11/30/2021,11/30/2021,read,1,,,,
18693763,Everything I Never Told You,Celeste Ng,"Ng, Celeste",,159420571X,9781594205712,4,3.84,Penguin Press,Hardcover,297,2014,2014,11/13/2021,5/17/2020,read,1,,,,
28257707,The Subtle Art of Not Giving a F*ck: A Counterintuitive Approach to Living a Good Life,Mark Manson,"Manson, Mark",,,9798804636129,4,3.87,Harper,Paperback,212,2016,2016,10/28/2021,8/22/2021,read,1,,,,
56172695,"Girl, Taken (Ella Dark FBI Suspense Thriller, #2)",Blake Pierce,"Pierce, Blake",,,,2,3.94,,Kindle Edition,218,2021,2021,10/25/2021,10/25/2021,read,1,,,,
55968581,A Dark and Secret Place,Jen Williams,"Williams, Jen",,1643855743,9781643855745,3,3.49,Crooked Lane Books,Hardcover,292,2021,2021,10/19/2021,10/5/2021,read,1,,,,
9673436,The Invention of Hugo Cabret,Brian Selznick,"Selznick, Brian",,,,4,4.22,Scholastic Press,Hardcover,534,2007,2007,10/17/2021,10/13/2021,read,1,,,,
22844166,1922,Stephen        King,"King, Stephen",,,,4,3.9,Scribner,Unknown Binding,132,2010,2010,10/17/2021,10/14/2021,read,1,,,,
57190490,Kaleidoscope,Brian Selznick,"Selznick, Brian",,,9781338777246,0,3.7,Scholastic,Hardcover,192,2021,2021,10/4/2021,10/3/2021,read,1,,,,
170448,Animal Farm,George Orwell,"Orwell, George","Russell Baker, C.M. Woodhouse",0451526341,9780451526342,4,4,Signet Classics,Mass Market Paperback,141,1996,1945,8/8/2021,10/1/2021,read,1,,,,
16058610,Whistling Past the Graveyard,Susan Crandall,"Crandall, Susan",,1476707723,9781476707723,5,4.1,Gallery Books,Hardcover,307,2013,2013,10/1/2021,9/16/2021,read,1,,,,
10614,Misery,Stephen        King,"King, Stephen",,0450417395,9780450417399,4,4.23,New English Library,Paperback,370,1992,1987,9/22/2021,9/13/2021,read,1,,,,
39280445,Nine Perfect Strangers,Liane Moriarty,"Moriarty, Liane",,1250069823,9781250069825,3,3.56,Flatiron Books,Hardcover,453,2018,2018,9/19/2021,9/3/2021,read,1,,,,
57032570,Notes on Grief,Chimamanda Ngozi Adichie,"Adichie, Chimamanda Ngozi",,0593320808,9780593320808,4,4.22,Knopf,Hardcover,86,2021,2021,8/28/2021,8/27/2021,read,1,,,,
38447,"The Handmaid’s Tale (The Handmaid's Tale, #1)",Margaret Atwood,"Atwood, Margaret",,038549081X,9780385490818,4,4.15,Anchor Books,Paperback,311,1998,1985,8/26/2021,5/26/2019,read,1,,,,
41484600,I'm Fine and Neither Are You,Camille Pagán,"Pagán, Camille",,1542042224,9781542042222,4,3.73,Lake Union Publishing,Kindle Edition,266,2019,2019,8/6/2021,9/29/2020,read,1,,,,
2767052,"The Hunger Games (The Hunger Games, #1)",Suzanne Collins,"Collins, Suzanne",,,,4,4.34,Scholastic Press,Hardcover,374,2008,2008,8/6/2021,6/9/2021,read,1,,,,
38915707,"Cozy Minimalist Home: More Style, Less Stuff",Myquillyn Smith,"Smith, Myquillyn",,0310350913,9780310350910,4,3.74,Zondervan,Hardcover,208,2018,2018,,8/6/2021,read,1,,,,
18045891,Sharp Objects,Gillian Flynn,"Flynn, Gillian",,0297851535,9780297851530,5,4.01,Broadway Paperbacks,Paperback,254,2007,2006,,8/6/2021,read,1,,,,
48132,"My Family and Other Animals (Corfu Trilogy, #1)",Gerald Durrell,"Durrell, Gerald",,0142004413,9780142004418,5,4.17,Penguin Books,Paperback,273,2004,1956,,5/30/2019,read,1,,,,
25076674,The Alchemist,Paulo Coelho,"Coelho, Paulo",,,,4,3.92,HarperOne,Kindle Edition,84,2021,1988,6/12/2021,6/7/2021,read,1,,,,
1381,The Odyssey,Homer,"Homer, Homer","Robert Fagles, Bernard Knox",0143039954,9780143039952,0,3.82,Penguin Classics ,Paperback,541,2006,-700,,6/7/2021,read,1,,,,
30,J.R.R. Tolkien 4-Book Boxed Set: The Hobbit and The Lord of the Rings,J.R.R. Tolkien,"Tolkien, J.R.R.",,0345538374,9780345538376,0,4.61,Ballantine Books,Mass Market Paperback,1728,2012,1954,,6/7/2021,read,1,,,,
187065,"New Spring (The Wheel of Time, #0)",Robert Jordan,"Jordan, Robert",,1841492612,9781841492612,3,4.07,Orbit,Paperback,423,2004,2004,6/7/2021,3/18/2021,read,1,,,,
228665,"The Eye of the World (The Wheel of Time, #1)",Robert Jordan,"Jordan, Robert",,0812511816,9780812511819,4,4.19,Tor Books,Mass Market Paperback,800,1990,1990,3/21/2021,12/22/2020,read,1,,,,
838768,Stranger with My Face,Lois Duncan,"Duncan, Lois",,0440983568,9780440983569,4,3.9,Laurel Leaf Books,Paperback,235,1990,1981,,2/26/2021,read,1,,,,
43708708,White Fragility: Why It's So Hard for White People to Talk About Racism,Robin DiAngelo,"DiAngelo, Robin","Michael Eric Dyson, Manon Smits, Rob Kuitenbrouwer, Amy Landon",0807071161,9780807071168,4,4.16,Beacon Press,Audiobook,7,2018,2018,2/20/2021,2/10/2021,read,2,,,,
42397849,Burnout: The Secret to Unlocking the Stress Cycle,Emily Nagoski,"Nagoski, Emily",Amelia Nagoski,198481706X,9781984817068,4,3.94,Ballantine Books,Hardcover,277,2019,2019,2/20/2021,1/21/2020,read,2,,,,
36262849,Dear Madam President: An Open Letter to the Women Who Will Run the World,Jennifer Palmieri,"Palmieri, Jennifer",,1538713454,9781538713457,5,3.89,Grand Central Publishing,Hardcover,179,2018,2018,12/10/2020,12/7/2020,read,1,,,,
36809135,Where the Crawdads Sing,Delia Owens,"Owens, Delia",,0735219117,9780735219113,4,4.38,G.P. Putnam’s Sons,ebook,384,2018,2018,11/1/2020,5/23/2020,read,1,,,,
9969571,"Ready Player One (Ready Player One, #1)",Ernest Cline,"Cline, Ernest",,030788743X,9780307887436,4,4.23,Crown Publishers,Hardcover,480,2011,2011,9/7/2020,8/31/2020,read,1,,,,
10644930,11/22/1963,Stephen        King,"King, Stephen",,1451627289,9781451627282,5,4.35,Scribner,Hardcover,849,2011,2011,8/29/2020,5/11/2020,read,1,,,,
42778062,"The Inn (Bill Robinson, #1)",James  Patterson,"Patterson, James",Candice Fox,1780899963,9781780899961,3,3.72,Century,Hardcover,400,2019,2019,8/21/2020,8/19/2020,read,1,,,,
38746485,Becoming,Michelle Obama,"Obama, Michelle",,1524763136,9781524763138,5,4.44,Crown,Hardcover,426,2018,2018,7/21/2020,6/13/2020,read,1,,,,
16299,And Then There Were None,Agatha Christie,"Christie, Agatha",,0312330871,9780312330873,4,4.28,St. Martin's Griffin,Paperback,264,2004,1939,6/3/2020,5/30/2020,read,1,,,,
6324651,"The Shining (The Shining, #1)",Stephen        King,"King, Stephen",,,,4,4.28,Anchor,ebook,674,2008,1977,5/27/2020,5/26/2019,read,1,,,,
34273236,Little Fires Everywhere,Celeste Ng,"Ng, Celeste",,0735224293,9780735224292,4,4.07,Penguin Press,Hardcover,338,2017,2017,5/19/2020,5/14/2020,read,1,,,,
235869,Intuitive Eating: A Revolutionary Program That Works,Evelyn Tribole,"Tribole, Evelyn",Elyse Resch,0312321236,9780312321239,4,4.23,St. Martin's Griffin,Paperback,284,2003,1995,5/14/2020,5/11/2020,read,1,,,,
22318578,The Life-Changing Magic of Tidying Up: The Japanese Art of Decluttering and Organizing,Marie Kondō,"Kondō, Marie",,1607747308,9781607747307,3,3.88,Ten Speed Press,Hardcover,213,2014,2010,5/8/2020,5/26/2019,read,1,,,,
23500254,"The Power of Vulnerability: Teachings of Authenticity, Connections and Courage",Brené Brown,"Brown, Brené",,,,5,4.61,Sounds True,Audible Audio,1,2013,2013,5/5/2020,5/2/2020,read,1,,,,
33574273,"A Wrinkle in Time (Time Quintet, #1)",Madeleine L'Engle,"L'Engle, Madeleine",,1250153271,9781250153272,4,3.98,Square Fish,Paperback,218,2017,1962,,5/26/2019,read,2,,,,
51501632,Left To Die (Adele Sharp #1),Blake Pierce,"Pierce, Blake",,,,4,4.02,,Kindle Edition,212,2020,2020,4/29/2020,4/22/2020,read,1,,,,
11901,"The Witching Hour (Lives of the Mayfair Witches, #1)",Anne Rice,"Rice, Anne",,0099471426,9780099471424,4,4.1,Arrow,Paperback,1207,2004,1990,4/22/2020,5/26/2019,read,1,,,,
36012399,Then She Was Gone,Lisa Jewell,"Jewell, Lisa",,1501154664,9781501154669,4,4.05,Atria Books,Kindle Edition,368,2018,2017,4/14/2020,4/4/2020,read,1,,,,
52219355,"The Mercy of Snakes (Nameless: Season One, #5)",Dean Koontz,"Koontz, Dean",,1542016258,9781542016254,3,4.18,Amazon Original Stories,Kindle Edition,61,2019,2019,4/4/2020,1/3/2020,read,1,,,,
52222570,"Memories of Tomorrow (Nameless: Season One, #6)",Dean Koontz,"Koontz, Dean",,1542016266,9781542016261,3,4.38,Amazon Original Stories,Kindle Edition,55,2019,2019,4/4/2020,4/4/2020,read,1,,,,
18071025,Paddle Your Own Canoe: One Man's Principles for Delicious Living,Nick Offerman,"Offerman, Nick",,0698138325,9780698138322,4,3.71,Dutton Adult,Kindle Edition,320,2013,2013,4/1/2020,5/26/2019,read,1,,,,
52224267,"The Praying Mantis Bride (Nameless: Season One, #3)",Dean Koontz,"Koontz, Dean",,1542016231,9781542016230,4,4.1,Amazon Original Stories,Kindle Edition,61,2019,2019,12/7/2019,11/13/2019,read,1,,,,
52220812,"Red Rain (Nameless: Season One, #4)",Dean Koontz,"Koontz, Dean",,154201624X,9781542016247,2,4.1,Amazon Original Stories,Kindle Edition,50,2019,2019,12/31/2019,12/7/2019,read,1,,,,
4137,Me Talk Pretty One Day,David Sedaris,"Sedaris, David",,0349113912,9780349113913,4,4.01,"Little, Brown and Company",Paperback,272,2001,2000,,5/26/2019,read,2,,,,
9418327,Bossypants,Tina Fey,"Fey, Tina",,,,3,3.96,Reagan Arthur Books,ebook,283,2011,2011,1/26/2020,1/3/2020,read,1,,,,
7432,"Pardonable Lies (Maisie Dobbs, #3)",Jacqueline Winspear,"Winspear, Jacqueline",,0312426216,9780312426217,4,4.1,Picador,Paperback,359,2006,2005,,1/4/2020,read,1,,,,
83083,"Birds of a Feather (Maisie Dobbs, #2)",Jacqueline Winspear,"Winspear, Jacqueline",,0143035304,9780143035305,5,4,Penguin,Paperback,309,2005,2004,,1/4/2020,read,1,,,,
462033,"Maisie Dobbs (Maisie Dobbs, #1)",Jacqueline Winspear,"Winspear, Jacqueline",,0142004332,9780142004333,5,3.93,Penguin,Paperback,292,2004,2003,,1/4/2020,read,1,,,,
49694471,"In the Heart of the Fire (Nameless: Season One, #1)",Dean Koontz,"Koontz, Dean",,1542016215,9781542016216,5,4.13,Amazon Original Stories,Kindle Edition,62,2019,2019,11/30/2019,11/13/2019,read,1,,,,
29639736,"Everything We Keep (Everything, #1)",Kerry Lonsdale,"Lonsdale, Kerry",,1503990338,9781503990333,3,3.88,Lake Union Publishing,Kindle Edition,306,2016,2016,,5/26/2019,read,2,,,,
40210623,Boyfriends of Dorothy (The Real Thing collection),Wednesday Martin,"Martin, Wednesday",,1503957365,9781503957367,2,3.45,Amazon Original Stories,Kindle Edition,28,2018,2018,1/3/2020,12/8/2019,read,1,,,,
49884639,"Photographing the Dead (Nameless: Season One, #2)",Dean Koontz,"Koontz, Dean",,1542016223,9781542016223,4,4.19,Amazon Original Stories,Kindle Edition,58,2019,2019,12/2/2019,11/14/2019,read,1,,,,
37939132,Love & Estrogen (The Real Thing collection),Samantha  Allen,"Allen, Samantha",,1542098149,9781542098144,4,4.11,Amazon Original Stories,Kindle Edition,66,2018,2018,12/8/2019,12/7/2019,read,1,,,,
38348476,Calypso,David Sedaris,"Sedaris, David",,0316392359,9780316392358,0,4.11,"Little, Brown and Company",Kindle Edition,272,2018,2018,,5/26/2019,read,1,,,,
10160346,Rediscover Catholicism,Matthew Kelly,"Kelly, Matthew",,,,0,4.19,Beacon Publishing,Paperback,317,2011,2002,,5/30/2019,read,1,,,,
11125,Digital Fortress,Dan    Brown,"Brown, Dan",,,,0,3.7,Corgi books,Paperback,510,2004,1998,,5/30/2019,read,1,,,,
968,"The da Vinci Code (Robert Langdon, #2)",Dan    Brown,"Brown, Dan",,,,0,3.93,Anchor,Paperback,489,2006,2003,,5/30/2019,read,1,,,,
960,"Angels & Demons (Robert Langdon, #1)",Dan    Brown,"Brown, Dan",,1416524797,9781416524793,0,3.95,Pocket Books,Paperback,736,2006,2000,,5/30/2019,read,2,,,,
10909,The Tenth Circle,Jodi Picoult,"Picoult, Jodi",,074349671X,9780743496711,0,3.54,Allen & Ulwin,Paperback,387,2006,2006,,5/26/2019,read,1,,,,
10917,My Sister’s Keeper,Jodi Picoult,"Picoult, Jodi",,0743454537,9780743454537,0,4.1,Atria/Emily Bestler Books,Paperback,423,2005,2004,,5/26/2019,read,1,,,,
24830,The Illustrated Man,Ray Bradbury,"Bradbury, Ray",,000712774X,9780007127740,0,4.13,Voyager Classics / Harper Collins,Paperback,186,2002,1951,,5/26/2019,read,1,,,,
60057,"Lucia, Lucia",Adriana Trigiani,"Trigiani, Adriana",,0345472446,9780345472441,0,3.98,Fawcett,Mass Market Paperback,336,2005,2003,,5/26/2019,read,1,,,,
105696,"Milk Glass Moon (Big Stone Gap, #3)",Adriana Trigiani,"Trigiani, Adriana",,0743450884,9780743450881,0,3.97,Simon & Schuster,Paperback,384,2003,2002,,5/26/2019,read,1,,,,
58823,"Home to Big Stone Gap (Big Stone Gap, #4)",Adriana Trigiani,"Trigiani, Adriana",,1400060087,9781400060085,0,3.92,Random House,Hardcover,320,2006,2006,,5/26/2019,read,1,,,,
52471,"Big Cherry Holler (Big Stone Gap, #2)",Adriana Trigiani,"Trigiani, Adriana",,0743430344,9780743430340,0,3.92,Pocket Books,Paperback,304,2007,2001,,5/26/2019,read,1,,,,
58822,"Big Stone Gap (Big Stone Gap, #1)",Adriana Trigiani,"Trigiani, Adriana",,0345459202,9780345459206,0,3.86,Fawcett,Mass Market Paperback,320,2003,2000,,5/26/2019,read,1,,,,
8326898,Bulimia: A Guide to Recovery,Lindsey Hall,"Hall, Lindsey",Leigh Cohn,0936077514,9780936077512,0,3.58,Gurze Books,Paperback,288,2010,1986,,5/26/2019,read,1,,,,
119728,Life Without Ed: How One Woman Declared Independence from Her Eating Disorder and How You Can Too,Jenni Schaefer,"Schaefer, Jenni",Thom Rutledge,1487660782,0971487660783,0,4.04,McGraw-Hill Education,Paperback,188,2003,2003,,5/26/2019,read,1,,,,
1983285,Look Me in the Eye: My Life with Asperger's,John Elder Robison,"Robison, John Elder",,1410403068,9781410403063,0,3.92,Thorndike Pr,Hardcover - Large Print,461,2008,2007,,5/26/2019,read,1,,,,
242006,Running with Scissors,Augusten Burroughs,"Burroughs, Augusten",,031242227X,9780312422271,0,3.77,Picador USA,Paperback,336,2003,2002,,5/26/2019,read,2,,,,
24213,Alice’s Adventures in Wonderland / Through the Looking-Glass,Lewis Carroll,"Carroll, Lewis","Martin Gardner, John Tenniel",,,0,4.07,Penguin Group (USA),Paperback,239,2000,1871,,5/26/2019,read,1,,,,
84369,"The Last Battle (Chronicles of Narnia, #7)",C.S. Lewis,"Lewis, C.S.",,0007202326,9780007202324,0,4.01,HarperCollins Publishers,Paperback,288,2005,1956,,5/26/2019,read,1,,,,
84119,"The Horse and His Boy (Chronicles of Narnia, #5)",C.S. Lewis,"Lewis, C.S.",,0439861365,9780439861366,0,3.91,Scholastic Inc,Paperback,224,1995,1954,,5/26/2019,read,1,,,,
65605,"The Magician’s Nephew (Chronicles of Narnia, #6)",C.S. Lewis,"Lewis, C.S.",,0060764902,9780060764906,0,4.05,HarperCollins Narnia,Mass Market Paperback,221,2005,1955,,5/26/2019,read,1,,,,
121749,"Prince Caspian (Chronicles of Narnia, #2)",C.S. Lewis,"Lewis, C.S.",,000720230X,9780007202300,0,3.98,HarperCollins Publishers,Hardcover,240,2005,1951,,5/26/2019,read,1,,,,
65641,"The Silver Chair (Chronicles of Narnia, #4)",C.S. Lewis,"Lewis, C.S.",Pauline Baynes,,,0,3.96,HarperCollins,Paperback,243,2008,1953,,5/26/2019,read,1,,,,
140225,"The Voyage of the Dawn Treader (Chronicles of Narnia, #3)",C.S. Lewis,"Lewis, C.S.",Pauline Baynes,006112527X,9780061125270,0,4.09,HarperCollins,Hardcover,248,2006,1952,,5/26/2019,read,1,,,,
1162543,"Breaking Dawn (The Twilight Saga, #4)",Stephenie Meyer,"Meyer, Stephenie",,031606792X,9780316067928,0,3.75,"Little, Brown and Company",Hardcover,756,2008,2008,,5/26/2019,read,1,,,,
428263,"Eclipse (The Twilight Saga, #3)",Stephenie Meyer,"Meyer, Stephenie",,0316160202,9780316160209,0,3.74,"Little, Brown and Company",Hardcover,629,2007,2007,,5/26/2019,read,1,,,,
49041,"New Moon (The Twilight Saga, #2)",Stephenie Meyer,"Meyer, Stephenie",Sylke Hachmeister,0316160199,9780316160193,0,3.61,"Little, Brown and Company",Hardcover,563,2006,2006,,5/26/2019,read,1,,,,
19302,"Pippi Longstocking (Pippi Långstrump, #1)",Astrid Lindgren,"Lindgren, Astrid","Michael Chesworth, Louis S. Glanzman, Florence Lamborn",0142402494,9780142402498,0,4.15,Puffin Books,Mass Market Paperback,160,2005,1945,,5/26/2019,read,1,,,,
28194,"Inkheart (Inkworld, #1)",Cornelia Funke,"Funke, Cornelia",Anthea Bell,,,0,3.92,Scholastic Paperbacks,Paperback,563,2005,2003,,5/26/2019,read,1,,,,
41865,"Twilight (The Twilight Saga, #1)",Stephenie Meyer,"Meyer, Stephenie",,0316015849,9780316015844,0,3.66,"Little, Brown and Company",Paperback,498,2006,2005,,5/26/2019,read,1,,,,
20817415,The Iliad and the Odyssey,Homer,"Homer, Homer",Samuel Butler,1435145380,9781435145382,0,4.07, Sterling Publishing Co Inc,Leather Bound,752,2014,-800,,5/26/2019,read,1,,,,
50398,Northanger Abbey,Jane Austen,"Austen, Jane",Alfred Mac Adam,1593082649,9781593082642,0,3.85,Barnes & Noble Classics,Paperback,260,2005,1817,,5/26/2019,read,1,,,,
2156,Persuasion,Jane Austen,"Austen, Jane","Deidre Shauna Lynch, James Kinsley",0192802631,9780192802637,0,4.15,Oxford University Press,Paperback,249,2004,1817,,5/26/2019,read,1,,,,
30119,Where the Sidewalk Ends,Shel Silverstein,"Silverstein, Shel",,0060513039,9780060513030,0,4.34,Harpercollins Childrens Books,Hardcover,176,2002,1974,,5/26/2019,read,1,,,,
231804,The Outsiders,S.E. Hinton,"Hinton, S.E.",,0670532576,9780670532575,0,4.14,Puffin Books (US/CAN),Mass Market Paperback,208,1997,1967,,5/26/2019,read,1,,,,
6310,"Charlie and the Chocolate Factory (Charlie Bucket, #1)",Roald Dahl,"Dahl, Roald",Quentin Blake,0142403881,9780142403884,0,4.16,Puffin Books,Paperback,176,2005,1964,,5/26/2019,read,1,,,,
2998,The Secret Garden,Frances Hodgson Burnett,"Burnett, Frances Hodgson",,0517189607,9780517189603,0,4.16,Children's Classics,Hardcover,331,1998,1911,,5/26/2019,read,1,,,,
485894,The Metamorphosis,Franz Kafka,"Kafka, Franz",Stanley Corngold,0553213695,9780553213690,0,3.89,Bantam Classics,Mass Market Paperback,201,1972,1915,,5/26/2019,read,1,,,,
23772,Green Eggs and Ham,Dr. Seuss,"Seuss, Dr.",,0394800168,9780394800165,0,4.31,Random House Books for Young Readers,Hardcover,64,1988,1960,,5/26/2019,read,1,,,,
8127,"Anne of Green Gables (Anne of Green Gables, #1)",L.M. Montgomery,"Montgomery, L.M.",Jennifer Lee Carrell,0451528824,9780451528827,0,4.32,Signet,Mass Market Paperback,320,2003,1908,,5/26/2019,read,1,,,,
15241,"The Two Towers (The Lord of the Rings, #2)",J.R.R. Tolkien,"Tolkien, J.R.R.",Peter S. Beagle,0618346260,9780618346264,0,4.49,Houghton Mifflin,Paperback,322,1993,1954,,5/26/2019,read,1,,,,
18512,"The Return of the King (The Lord of the Rings, #3)",J.R.R. Tolkien,"Tolkien, J.R.R.",,,,0,4.57,Del Rey,Mass Market Paperback,404,2003,1955,,5/26/2019,read,1,,,,
24178,Charlotte’s Web,E.B. White,"White, E.B.","Garth Williams, Rosemary Wells",0064410935,9780064410939,0,4.2,HarperCollinsPublishers,Paperback,184,2001,1952,,5/26/2019,read,1,,,,
34,"The Fellowship of the Ring (The Lord of the Rings, #1)",J.R.R. Tolkien,"Tolkien, J.R.R.","Francis Ledoux, Maria Skibniewska",0618346252,9780618346257,0,4.4,Houghton Mifflin Harcourt,Paperback,398,2003,1954,,5/26/2019,read,1,,,,
929,Memoirs of a Geisha,Arthur Golden,"Golden, Arthur",,1400096898,9781400096893,0,4.16,Vintage Books USA,Mass Market Paperback,503,2005,1997,,5/26/2019,read,1,,,,
100915,"The Lion, the Witch and the Wardrobe (Chronicles of Narnia, #1)",C.S. Lewis,"Lewis, C.S.","Tormod Haugen, Per Svein Paulsen",,,0,4.24,HarperCollins Publishers,Paperback,206,2005,1950,,5/26/2019,read,1,,,,
48855,The Diary of a Young Girl,Anne Frank,"Frank, Anne","Eleanor Roosevelt, Susan Massotty, Γιάννης Θωμόπουλος, Barbara Mooyaart-Doubleday, Otto H. Frank, Mirjam Pressler",,,0,4.2,Bantam,Mass Market Paperback,283,1993,1947,,5/26/2019,read,1,,,,
5907,"The Hobbit, or There and Back Again",J.R.R. Tolkien,"Tolkien, J.R.R.","Douglas A. Anderson, Michael Hague, Jemima Catlin",,,0,4.29,Houghton Mifflin,Paperback,366,2002,1937,,5/26/2019,read,1,,,,
2657,To Kill a Mockingbird,Harper Lee,"Lee, Harper",,0060935464,9780060935467,0,4.26,Harper Perennial Modern Classics ,Paperback,323,2006,1960,,5/26/2019,read,1,,,,
31332,"The Vampire Armand (The Vampire Chronicles, #6)",Anne Rice,"Rice, Anne",,0345434803,9780345434807,0,3.8,Ballantine Books,Mass Market Paperback,457,2000,1998,,5/26/2019,read,1,,,,
31338,"Memnoch the Devil (The Vampire Chronicles, #5)",Anne Rice,"Rice, Anne",,096319254X,9780963192547,0,3.76,B E Trice Pub,Hardcover,354,1999,1995,,5/26/2019,read,1,,,,
31336,"The Tale of the Body Thief (The Vampire Chronicles, #4)",Anne Rice,"Rice, Anne",,0345419634,9780345419637,0,3.76,Ballantine Books,Paperback,464,2005,1992,,5/26/2019,read,1,,,,
43758,"The Queen of the Damned (The Vampire Chronicles, #3)",Anne Rice,"Rice, Anne",,0345419626,9780345419620,0,3.92,Ballantine Books,Paperback,448,1997,1988,,5/26/2019,read,1,,,,
43814,"The Vampire Lestat (The Vampire Chronicles, #2)",Anne Rice,"Rice, Anne",,0345476883,9780345476883,0,4.11,Ballantine Books,Mass Market Paperback,481,2004,1985,,5/26/2019,read,1,,,,
43763,"Interview with the Vampire (The Vampire Chronicles, #1)",Anne Rice,"Rice, Anne",,0345476875,9780345476876,0,4.02,Ballantine Books,Paperback,346,2004,1976,,5/26/2019,read,1,,,,
830502,It,Stephen        King,"King, Stephen",,0450411435,9780450411434,0,4.24,New English Library,Paperback,1184,1987,1986,,5/26/2019,read,1,,,,
32446,The Door to December,Richard Paige,"Paige, Richard",Dean Koontz,0451205421,9780451205421,0,3.97,Berkley Books,Mass Market Paperback,518,2002,1985,,5/26/2019,read,2,,,,
693172,Twilight Eyes,Dean Koontz,"Koontz, Dean",,0425100650,9780425100653,0,3.93,Berkley Books,Mass Market Paperback,464,1987,1985,,5/26/2019,read,1,,,,
32424,Lightning,Dean Koontz,"Koontz, Dean",,0425192032,9780425192030,0,4.09,Berkley,Mass Market Paperback,384,2003,1988,,5/26/2019,read,1,,,,
14995,"Odd Thomas (Odd Thomas, #1)",Dean Koontz,"Koontz, Dean",,0553384287,9780553384284,0,3.99,Bantam,Paperback,446,2006,2003,,5/26/2019,read,1,,,,
27982115,Ghost Gifts (Ghost Gifts #1),Laura Spinella,"Spinella, Laura",,150395742X,9781503957428,0,3.99,Montlake Romance,Kindle Edition,386,2016,2016,,5/26/2019,read,1,,,,
15790837,"Let's Explore Diabetes with Owls: Essays, Etc.",David Sedaris,"Sedaris, David",,0316154695,9780316154697,0,3.85,"Little, Brown and Company",Hardcover,275,2013,2013,,5/26/2019,read,1,,,,
1044355,When You Are Engulfed in Flames,David Sedaris,"Sedaris, David",,0316143472,9780316143479,0,4.08,Little Brown and Company,Hardcover,323,2008,2005,,5/26/2019,read,1,,,,
10176,Dress Your Family in Corduroy and Denim,David Sedaris,"Sedaris, David",,0965904830,9780965904834,0,4.11,"Little, Brown & Co.",Paperback,257,2004,2004,,5/26/2019,read,1,,,,
4138,Naked,David Sedaris,"Sedaris, David",,,,0,4.1,Back Bay Books,Paperback,304,1998,1997,,5/26/2019,read,1,,,,
5107,The Catcher in the Rye,J.D. Salinger,"Salinger, J.D.",,0316769177,9780316769174,0,3.8,Back Bay Books,Paperback,277,2001,1951,,5/26/2019,read,1,,,,
6091075,"So Long, and Thanks for All the Fish (The Hitchhiker's Guide to the Galaxy, #4)",Douglas Adams,"Adams, Douglas",,0307497909,9780307497901,0,4.09,Del Rey,Kindle Edition,225,2008,1984,,5/26/2019,read,1,,,,
8695,"The Restaurant at the End of the Universe (The Hitchhiker's Guide to the Galaxy, #2)",Douglas Adams,"Adams, Douglas",,,,0,4.2,Del Rey,Paperback,250,2005,1980,,5/26/2019,read,1,,,,
8694,"Life, the Universe and Everything (The Hitchhiker's Guide to the Galaxy, #3)",Douglas Adams,"Adams, Douglas",,0345418905,9780345418906,0,4.17,Random House Worlds,Paperback,224,1997,1982,,5/26/2019,read,1,,,,
386162,"The Hitchhiker’s Guide to the Galaxy (The Hitchhiker's Guide to the Galaxy, #1)",Douglas Adams,"Adams, Douglas",,,,0,4.23,Del Rey,Paperback,193,2007,1979,,5/26/2019,read,1,,,,
136251,"Harry Potter and the Deathly Hallows (Harry Potter, #7)",J.K. Rowling,"Rowling, J.K.",,,,0,4.62,Arthur A. Levine Books,Hardcover,759,2007,2007,,5/26/2019,read,1,,,,
1,"Harry Potter and the Half-Blood Prince (Harry Potter, #6)",J.K. Rowling,"Rowling, J.K.",,,,0,4.58,Scholastic Inc,Paperback,652,2006,2005,,5/26/2019,read,0,,,,
2,"Harry Potter and the Order of the Phoenix (Harry Potter, #5)",J.K. Rowling,"Rowling, J.K.",Mary GrandPré,,,0,4.5,Scholastic Inc.,Paperback,912,2004,2003,,5/26/2019,read,1,,,,
6,"Harry Potter and the Goblet of Fire (Harry Potter, #4)",J.K. Rowling,"Rowling, J.K.",Mary GrandPré,0439139597,9780439139595,0,4.57,Scholastic,Paperback,734,2002,2000,,5/26/2019,read,1,,,,
5,"Harry Potter and the Prisoner of Azkaban (Harry Potter, #3)",J.K. Rowling,"Rowling, J.K.",Mary GrandPré,043965548X,9780439655484,0,4.58,Scholastic Inc.,Mass Market Paperback,435,2004,1999,,5/26/2019,read,1,,,,
15881,"Harry Potter and the Chamber of Secrets (Harry Potter, #2)",J.K. Rowling,"Rowling, J.K.",Mary GrandPré,,,0,4.43,Arthur A. Levine Books,Hardcover,352,1999,1998,,5/26/2019,read,1,,,,
3135916,A Guide to Middle Earth,Robert   Foster,"Foster, Robert",,0345275470,9780345275479,0,4,Ballantine Books,Mass Market Paperback,0,1978,1971,,5/26/2019,read,1,,,,
33,The Lord of the Rings,J.R.R. Tolkien,"Tolkien, J.R.R.",,0618640150,9780618640157,0,4.54,Houghton Mifflin Harcourt,Paperback,1216,2005,1955,,5/26/2019,read,1,,,,
20824260,Mind's Eye,Douglas E. Richards,"Richards, Douglas E.",,,,0,4.07,Paragon Press,Kindle Edition,360,2014,2014,,5/26/2019,read,1,,,,
11969864,The Loom,Shella Gillus,"Gillus, Shella",,0824948165,9780824948160,0,3.7,Guideposts,Paperback,240,2011,2011,,5/26/2019,read,1,,,,
21219083,The One That Got Away,Simon Wood,"Wood, Simon",,1611092442,9781611092448,0,3.8,Thomas & Mercer,Kindle Edition,295,2015,2015,,5/26/2019,read,1,,,,
27810589,A Death in Sweden,Kevin Wignall,"Wignall, Kevin",,150392873X,9781503928732,0,3.86,Thomas & Mercer,Kindle Edition,278,2016,2016,,5/26/2019,read,1,,,,
26583370,Life and Other Near-Death Experiences,Camille Pagán,"Pagán, Camille",,150390623X,9781503906235,0,3.88,Lake Union Publishing,Kindle Edition,255,2015,2015,,5/26/2019,read,1,,,,
22557272,The Girl on the Train,Paula Hawkins,"Hawkins, Paula",,1594633665,9781594633669,0,3.96,Riverhead Books,Hardcover,336,2015,2015,,5/26/2019,read,1,,,,
29904284,"Evelyn, After",Victoria Helen Stone,"Stone, Victoria Helen",,1503938719,9781503938717,0,3.67,Lake Union Publishing,Paperback,256,2016,2016,,5/26/2019,read,1,,,,
23745132,Wreckage,Emily Bleeker,"Bleeker, Emily",,,,0,3.74,Lake Union Publishing ,Kindle Edition,305,2015,2015,,5/26/2019,read,1,,,,
